{
  "_generated": "Generated by SweetTooth, do not edit",
  "description": "Hides the top bar, except in overview. However, there is an option to show the panel whenever the mouse pointer approaches the edge of the screen. And if \"intellihide\" is enabled, the panel only hides when a window takes the space.",
  "name": "Hide Top Bar",
  "settings-schema": "org.gnome.shell.extensions.hidetopbar",
  "shell-version": [
    "3.34",
    "3.32",
    "3.36"
  ],
  "url": "https://github.com/mlutfy/hidetopbar",
  "uuid": "hidetopbar@mathieu.bidon.ca",
  "version": 75
}