<?xml version="1.0" encoding="UTF-8"?>

<channel name="thunar" version="1.0">
  <property name="default-view" type="string" value="ThunarIconView"/>
  <property name="last-compact-view-zoom-level" type="string" value="THUNAR_ZOOM_LEVEL_SMALLEST"/>
  <property name="last-details-view-column-order" type="string" value="THUNAR_COLUMN_NAME,THUNAR_COLUMN_SIZE,THUNAR_COLUMN_TYPE,THUNAR_COLUMN_DATE_MODIFIED"/>
  <property name="last-details-view-column-widths" type="string" value="50,184,50,50,370,50,50,85,50,234"/>
  <property name="last-details-view-fixed-columns" type="bool" value="false"/>
  <property name="last-details-view-visible-columns" type="string" value="THUNAR_COLUMN_DATE_MODIFIED,THUNAR_COLUMN_NAME,THUNAR_COLUMN_SIZE,THUNAR_COLUMN_TYPE"/>
  <property name="last-details-view-zoom-level" type="string" value="THUNAR_ZOOM_LEVEL_38_PERCENT"/>
  <property name="last-icon-view-zoom-level" type="string" value="THUNAR_ZOOM_LEVEL_75_PERCENT"/>
  <property name="last-location-bar" type="string" value="ThunarLocationEntry"/>
  <property name="last-separator-position" type="int" value="200"/>
  <property name="last-show-hidden" type="bool" value="false"/>
  <property name="last-side-pane" type="string" value="ThunarShortcutsPane"/>
  <property name="last-sort-column" type="string" value="THUNAR_COLUMN_NAME"/>
  <property name="last-sort-order" type="string" value="GTK_SORT_ASCENDING"/>
  <property name="last-statusbar-visible" type="bool" value="true"/>
  <property name="last-view" type="string" value="ThunarIconView"/>
  <property name="last-window-height" type="int" value="600"/>
  <property name="last-window-width" type="int" value="800"/>
  <property name="last-window-maximized" type="bool" value="false"/>
  <property name="misc-volume-management" type="bool" value="true"/>
  <property name="misc-case-sensitive" type="bool" value="false"/>
  <property name="misc-date-style" type="string" value="THUNAR_DATE_STYLE_SHORT"/>
  <property name="misc-folders-first" type="bool" value="true"/>
  <property name="misc-horizontal-wheel-navigates" type="bool" value="false"/>
  <property name="misc-recursive-permissions" type="string" value="THUNAR_RECURSIVE_PERMISSIONS_ALWAYS"/>
  <property name="misc-remember-geometry" type="bool" value="false"/>
  <property name="misc-show-about-templates" type="bool" value="true"/>
  <property name="misc-single-click" type="bool" value="true"/>
  <property name="misc-single-click-timeout" type="uint" value="0"/>
  <property name="misc-text-beside-icons" type="bool" value="false"/>
  <property name="shortcuts-icon-emblems" type="bool" value="true"/>
  <property name="shortcuts-icon-size" type="string" value="THUNAR_ICON_SIZE_32"/>
  <property name="tree-icon-emblems" type="bool" value="true"/>
  <property name="tree-icon-size" type="string" value="THUNAR_ICON_SIZE_32"/>
  <property name="misc-middle-click-in-tab" type="bool" value="true"/>
  <property name="misc-show-delete-action" type="bool" value="true"/>
</channel>
