<?xml version="1.0" encoding="UTF-8"?>

<channel name="xfce4-panel" version="1.0">
  <property name="panels" type="uint" value="1">
    <property name="panel-0" type="empty">
      <property name="position" type="string" value="p=2;x=1880;y=540"/>
      <property name="length" type="uint" value="100"/>
      <property name="position-locked" type="bool" value="true"/>
      <property name="role" type="string" value="xfce4-panel-12965750720"/>
      <property name="length-adjust" type="bool" value="false"/>
      <property name="background-style" type="uint" value="0"/>
      <property name="size" type="uint" value="64"/>
      <property name="mode" type="uint" value="2"/>
      <property name="autohide-behavior" type="uint" value="0"/>
      <property name="disable-struts" type="bool" value="false"/>
      <property name="icon-size" type="uint" value="32"/>
      <property name="leave-opacity" type="uint" value="32"/>
      <property name="nrows" type="uint" value="1"/>
      <property name="enter-opacity" type="uint" value="64"/>
      <property name="plugin-ids" type="array">
        <value type="int" value="1"/>
        <value type="int" value="5"/>
        <value type="int" value="6"/>
        <value type="int" value="14"/>
        <value type="int" value="16"/>
        <value type="int" value="13"/>
        <value type="int" value="12"/>
        <value type="int" value="8"/>
        <value type="int" value="2"/>
        <value type="int" value="15"/>
        <value type="int" value="11"/>
      </property>
    </property>
  </property>
  <property name="plugins" type="empty">
    <property name="clipman" type="empty">
      <property name="tweaks" type="empty">
        <property name="never-confirm-history-clear" type="bool" value="false"/>
      </property>
    </property>
    <property name="plugin-1" type="string" value="whiskermenu"/>
    <property name="plugin-2" type="string" value="actions">
      <property name="items" type="array">
        <value type="string" value="+lock-screen"/>
        <value type="string" value="-switch-user"/>
        <value type="string" value="+separator"/>
        <value type="string" value="+suspend"/>
        <value type="string" value="-hibernate"/>
        <value type="string" value="-hybrid-sleep"/>
        <value type="string" value="-separator"/>
        <value type="string" value="+shutdown"/>
        <value type="string" value="+restart"/>
        <value type="string" value="+separator"/>
        <value type="string" value="+logout"/>
        <value type="string" value="-logout-dialog"/>
      </property>
    </property>
    <property name="plugin-5" type="string" value="pager">
      <property name="rows" type="uint" value="2"/>
      <property name="miniature-view" type="bool" value="true"/>
    </property>
    <property name="plugin-6" type="string" value="showdesktop"/>
    <property name="plugin-8" type="string" value="pulseaudio">
      <property name="enable-keyboard-shortcuts" type="bool" value="true"/>
    </property>
    <property name="plugin-11" type="string" value="clock">
      <property name="mode" type="uint" value="4"/>
      <property name="flash-separators" type="bool" value="true"/>
    </property>
    <property name="plugin-12" type="string" value="systray">
      <property name="names-ordered" type="array">
        <value type="string" value="clipman"/>
        <value type="string" value="blueman-tray"/>
        <value type="string" value="notes"/>
        <value type="string" value="thunar"/>
        <value type="string" value="pamac-tray"/>
        <value type="string" value="networkmanager applet"/>
      </property>
      <property name="square-icons" type="bool" value="true"/>
      <property name="size-max" type="uint" value="32"/>
    </property>
    <property name="plugin-13" type="string" value="separator">
      <property name="expand" type="bool" value="true"/>
      <property name="style" type="uint" value="0"/>
    </property>
    <property name="plugin-14" type="string" value="separator">
      <property name="expand" type="bool" value="true"/>
      <property name="style" type="uint" value="0"/>
    </property>
    <property name="plugin-15" type="string" value="separator">
      <property name="style" type="uint" value="0"/>
    </property>
    <property name="plugin-16" type="string" value="tasklist">
      <property name="flat-buttons" type="bool" value="true"/>
      <property name="show-labels" type="bool" value="false"/>
      <property name="show-handle" type="bool" value="false"/>
      <property name="grouping" type="uint" value="1"/>
      <property name="middle-click" type="uint" value="1"/>
      <property name="switch-workspace-on-unminimize" type="bool" value="false"/>
      <property name="show-wireframes" type="bool" value="false"/>
      <property name="window-scrolling" type="bool" value="true"/>
      <property name="include-all-workspaces" type="bool" value="true"/>
    </property>
  </property>
  <property name="configver" type="int" value="2"/>
</channel>
