<?xml version="1.0" encoding="UTF-8"?>

<channel name="xfce4-desktop" version="1.0">
  <property name="backdrop" type="empty">
    <property name="screen0" type="empty">
      <property name="monitor0" type="empty">
        <property name="image-path" type="string" value="/usr/share/backgrounds/wallpapers-juhraya/Albero_Del_Pepe_by_Harisont.jpg"/>
        <property name="last-image" type="string" value="/usr/share/backgrounds/wallpapers-juhraya/Albero_Del_Pepe_by_Harisont.jpg"/>
        <property name="last-single-image" type="string" value="/usr/share/backgrounds/wallpapers-juhraya/Albero_Del_Pepe_by_Harisont.jpg"/>
        <property name="image-style" type="int" value="5"/>
      </property>
      <property name="monitorHDMI-0" type="empty">
        <property name="workspace0" type="empty">
          <property name="color-style" type="int" value="1"/>
          <property name="image-style" type="int" value="5"/>
          <property name="last-image" type="string" value="/usr/share/backgrounds/wallpapers-juhraya/Albero_Del_Pepe_by_Harisont.jpg"/>
        </property>
        <property name="workspace1" type="empty">
          <property name="color-style" type="int" value="0"/>
          <property name="image-style" type="int" value="5"/>
          <property name="last-image" type="string" value="/usr/share/backgrounds/wallpapers-juhraya/Albero_Del_Pepe_by_Harisont.jpg"/>
        </property>
      </property>
    </property>
  </property>
  <property name="desktop-icons" type="empty">
    <property name="style" type="int" value="2"/>
    <property name="file-icons" type="empty">
      <property name="show-removable" type="bool" value="true"/>
    </property>
    <property name="icon-size" type="uint" value="48"/>
    <property name="tooltip-size" type="double" value="96.000000"/>
    <property name="use-custom-font-size" type="bool" value="true"/>
    <property name="show-hidden-files" type="bool" value="false"/>
    <property name="gravity" type="int" value="2"/>
    <property name="font-size" type="double" value="14.000000"/>
    <property name="single-click" type="bool" value="true"/>
  </property>
  <property name="last" type="empty">
    <property name="window-width" type="int" value="800"/>
    <property name="window-height" type="int" value="600"/>
  </property>
</channel>
